{
    "Organizations":[
        {
            "name":"Abizsol",
            "img":"https://plus.unsplash.com/premium_photo-1669324357471-e33e71e3f3d8?q=80&w=2070&auto=format&fit=crop&ixlib=rb-4.0.3&ixid=M3wxMjA3fDB8MHxwaG90by1wYWdlfHx8fGVufDB8fHx8fA%3D%3D",
            "url":"www.gmail.com",
            "apps":[
                {
                    "name":"LMS"
                },
                {
                    "name":"HRM"
                },
                {
                    "name":"CMS"
                }
            ]
        },
        {
            "name":"Urqa",
            "img":"",
            "url":"www.gmail.com",
            "apps":[
                {
                    "name":"LMS"
                },
                {
                    "name":"HRM"
                }
            ]
        }
    ]
}